,Amplitude,AndersonDarling,Autocor_length,Automean,Beyond1Std,CAR_sigma,CAR_tau,CAR_tmean,Color,Con,Eta_color,Eta_e,FluxPercentileRatioMid20,FluxPercentileRatioMid35,FluxPercentileRatioMid50,FluxPercentileRatioMid65,FluxPercentileRatioMid80,Freq1_harmonics_amplitude_0,Freq1_harmonics_amplitude_1,Freq1_harmonics_amplitude_2,Freq1_harmonics_amplitude_3,Freq1_harmonics_rel_phase_0,Freq1_harmonics_rel_phase_1,Freq1_harmonics_rel_phase_2,Freq1_harmonics_rel_phase_3,Freq2_harmonics_amplitude_0,Freq2_harmonics_amplitude_1,Freq2_harmonics_amplitude_2,Freq2_harmonics_amplitude_3,Freq2_harmonics_rel_phase_0,Freq2_harmonics_rel_phase_1,Freq2_harmonics_rel_phase_2,Freq2_harmonics_rel_phase_3,Freq3_harmonics_amplitude_0,Freq3_harmonics_amplitude_1,Freq3_harmonics_amplitude_2,Freq3_harmonics_amplitude_3,Freq3_harmonics_rel_phase_0,Freq3_harmonics_rel_phase_1,Freq3_harmonics_rel_phase_2,Freq3_harmonics_rel_phase_3,LinearTrend,MaxSlope,Mean,Meanvariance,MedianAbsDev,MedianBRP,PairSlopeTrend,PercentAmplitude,PercentDifferenceFluxPercentile,PeriodLS,Period_fit,Psi_CS,Psi_eta,Q31,Q31_color,Rcs,Skew,SlottedA_length,SmallKurtosis,Std,StetsonJ,StetsonK,StetsonK_AC,StetsonL
48.2620.2719,0.3652500000000001,0.9999984815092599,26.0,-5.163442048517521,0.33423180592991913,-0.03766036100818988,50.307055340561185,-0.10263852681423755,0.1252012099094415,0.005420054200542005,293.2981624648918,40.68960746362653,0.1527987897125566,0.26021180030257124,0.3963691376701957,0.5234493192133116,0.7261724659606658,0.1851398710560473,0.05397066919481469,0.051853853891370275,0.035620702900832114,0.0,0.378300045277818,0.009968529331844778,-0.26842974785509566,0.05886920429068562,0.02159246553328644,0.0017996881229432723,0.013132305919296929,0.0,1.0599411336490818,1.3456550514997339,-1.4051787490706016,0.05345186991606564,0.02832096610985859,0.0006314049750900926,0.010685066938060261,0.0,-1.6460392032258813,-2.2112371251294896,-1.7778495143897772,-0.00014637364740214016,3.0827535493219793,-5.163442048517521,-0.03663420526980792,0.1299999999999999,0.4420485175202156,-0.23333333333333334,-0.1332428238944919,-0.12820015515903813,2244.7245934285706,1.8336607452249216e-31,0.31987797440936444,0.4910310734325772,0.2599999999999998,0.09525000000000028,0.31987797440936067,-0.5149818292361118,42.0810060002259,0.21544637869458505,0.1891585959041484,0.658386729613344,0.7952364901502533,0.7653424437491922,0.4576642401566906
69.12549.21,0.19450000000000012,0.9999173430999351,18.0,-7.2651977186311765,0.2889733840304182,-0.018667526220181564,57.93037556198571,-0.12541257756662372,0.2868426039494718,0.022988505747126436,74.48019120920702,7.899429965393212,0.12158054711246222,0.2583586626139819,0.37082066869300906,0.5167173252279638,0.6869300911854108,0.09970115860291852,0.04394968509285116,0.03072184905788296,0.054981694819167586,0.0,-1.149640478119943,-1.236725153752357,0.08444049096307138,0.042645999768700205,0.03478692236857601,0.035857233785237363,0.004090527424489355,0.0,2.660515278253417,0.312972413155185,2.211273095747598,0.02480696899769479,0.01511058871105172,0.0033503518589526682,0.0033639017503549365,0.0,-0.7391440631770128,-1.028732355452569,-1.8451026867163984,7.149808162410439e-05,0.38051750376273696,-7.2651977186311765,-0.013196255573777372,0.06099999999999994,0.4448669201520912,-0.1,-0.047927282743423755,-0.045310563283294275,2540.025220000003,6.500199474926792e-24,0.34088653255716117,0.2800532165437433,0.12099999999999955,0.04549999999999965,0.34088653255715456,-0.7047478260336827,147.13295999982802,1.1674838698491508,0.0958734058890813,0.7298390079287229,0.7706369538467096,0.783429465277278,0.486582198060274
61.8072.358,0.2304999999999997,0.9999974834254681,7.0,-4.905179292929295,0.26262626262626265,-0.6944990080014376,0.056728909650385406,-86.46701167287411,0.04640512265511987,0.0,2131.894992335858,437.96754126188506,0.16666666666666705,0.2885572139303495,0.4203980099502476,0.5796019900497524,0.8009950248756218,0.10502747119223683,0.03629777797833873,0.011096883860093842,0.007861802616486096,0.0,-0.0074929971467036505,-1.7482014549430203,-0.9212303873003382,0.03540196900095952,0.00792178820165225,0.006775203242930303,0.008540086097634715,0.0,0.016928302051249622,0.9456976154137443,2.1502134069525654,0.03114264548410556,0.011583257870114922,0.02588829255795614,0.007054715767836759,0.0,0.8496184565387955,1.512245208712954,0.8978684199875367,-4.305435153209935e-05,7.064910399028353,-4.905179292929295,-0.02785639154527792,0.08400000000000007,0.702020202020202,0.1,-0.1766146311600857,-0.08203244566880934,1905.725399249999,2.4503361499149663e-24,0.2920656163318041,1.0846226711331106,0.16799999999999926,0.11099999999999977,0.29206561633181405,-1.0371507917807723,4.984780000013416,6.032438965022761,0.13664059498362796,0.4468799989827669,0.7498212731560132,0.7254185077709361,0.3462587420144633
5.4892.1971,0.29149999999999965,1.0,115.0,-5.7524454365079425,0.29365079365079366,-0.006731664902344366,763.2299931334303,-0.007536975077317594,0.14698549132711047,0.0019880715705765406,4242.322903466983,578.1193722373383,0.11976047904191729,0.22954091816367334,0.3912175648702594,0.5768463073852296,0.7744510978043919,0.17052123383586573,0.03857149903318531,0.052374342830284255,0.02474960295372506,0.0,0.6321156740970276,-1.3218727800012222,-2.1368900492645504,0.04579575925625829,0.035296709537271424,0.02663306873949123,0.01441398057338972,0.0,1.4865463863551012,0.516744170545189,-0.6951123063302355,0.11504119653873449,0.05274617399527082,0.037857745315787485,0.031875811759212294,0.0,-0.7948349309779861,-1.4111208781871638,1.183663422592028,9.284258183232093e-05,30.83407274718531,-5.7524454365079425,-0.02625010947523424,0.09600000000000009,0.5565476190476191,-0.03333333333333333,-0.10868434737389492,-0.08684347373894946,2042.1673522500041,2.86760480959904e-128,0.33560569794162914,0.3781809815251325,0.19549999999999912,0.08999999999999986,0.3356056979416315,0.3135363434176194,0.479444999997213,0.16079090418730946,0.15100232245864512,0.6514281859609399,0.783614433976408,0.8362970843827963,0.5130061886425559
13.6805.324,0.3125,0.9999999980295271,55.0,-5.200255060728746,0.33805668016194335,-0.0336787827058531,46.94648322237927,-0.11076985332630405,0.11146807976711681,0.0,5667.638006483501,1282.6485093435313,0.1753731343283589,0.31716417910447775,0.4757462686567166,0.6473880597014938,0.8432835820895528,0.1469196212311643,0.028869089933262173,0.012992107448231599,0.01935971898649753,0.0,-0.4581182371849648,0.7559450944041541,-0.07250007109630985,0.12650168735482975,0.031012207611193027,0.033128601602238336,0.015291603833317279,0.0,0.8048838438047677,1.0200026606808008,0.21386913222584106,0.048441398773344115,0.008245893254446713,0.015130942743930505,0.017023602053056714,0.0,-0.026581431788924026,-2.1633809351920004,0.7600967288050586,0.00011029453197419764,37.548066005130536,-5.200255060728746,-0.03407862894107653,0.12299999999999978,0.5637651821862348,-0.03333333333333333,-0.1492995586259834,-0.1028593360199577,911.2506289999994,7.113772549170138e-64,0.2779494467349261,1.122616092048239,0.25424999999999986,0.1150000000000011,0.22802714505757224,-0.1424926437709933,0.26370199999655597,0.4742807760500156,0.1772175626135303,0.6039140703467165,0.8061060668264417,0.5455240202051709,0.4804022144685588
53.3970.140,0.15549999999999997,0.9999685186667874,11.0,-5.721534050179211,0.26523297491039427,-0.0048696860856467334,283.2169474988472,-0.020201948014436883,0.04331641711051226,0.02527075812274368,485781.76496633544,21665.732398032185,0.18385650224215425,0.30941704035874434,0.4529147982062782,0.5874439461883422,0.7443946188340789,0.0692617321665118,0.020790976430574464,0.008457733397474717,0.027343253199720148,0.0,-2.4180973324475894,-0.7937732281045107,-2.266012198924496,0.027515144112237454,0.005573613627639634,0.007714770917395333,0.016467897237690213,0.0,-1.5078262150871962,-0.49042939253880935,-0.05110902503075285,0.0282825385866844,0.0027045987903050583,0.012724901393493571,0.004298987447622172,0.0,-0.7835655718976378,0.1623916703444801,-0.42017873427625096,-5.430057007210785e-06,19.156307307191504,-5.721534050179211,-0.012813501714350797,0.04900000000000038,0.5017921146953405,-0.03333333333333333,-0.05085634393568688,-0.038972387277175786,1017.9702867999991,2.3471963811824168e-22,0.31180190176082007,0.7772037367324006,0.10050000000000026,0.051249999999999796,0.29435221005486145,0.5890604030763023,28.388903999933973,1.4062261662103603,0.07331288636068778,0.66920664160984,0.7813745582335115,0.8070924675679331,0.4151011761474288
52.4565.356,0.19799999999999995,0.999999947141328,13.0,-5.07503041825095,0.33460076045627374,-0.006902354849434128,352.0479298602493,-0.014415737142000975,-0.041596309723814784,0.0,17.611656389984187,16.623684117931393,0.13015873015873153,0.2539682539682546,0.4349206349206342,0.6158730158730167,0.8031746031746048,0.07079594032481346,0.042232059818089515,0.03128212795599575,0.025853126018391386,0.0,1.505062010184869,0.7369325123041015,0.2335217165258916,0.06000980685144501,0.004805054430874465,0.01350659099359944,0.005667819909449612,0.0,2.782919256561846,2.8971089319368635,1.0321217825928688,0.03757758293399131,0.00665663303064099,0.012072671482499887,0.004165701450865032,0.0,-0.7424378364165765,-1.7100592103517793,-0.7474249694650399,6.049003606221172e-05,0.6003909522275225,-5.07503041825095,-0.02015653503275084,0.06599999999999984,0.46387832699619774,0.3,-0.07175331093101395,-0.0622652698161691,0.9990259466143289,5.288109484369536e-10,0.14565725472754645,1.3642089056857096,0.13299999999999912,0.0810000000000004,0.28895613782641516,-0.4910103941701099,21.318231000019296,0.3877307943638115,0.10229502841775143,0.519652990919782,0.7858780564831832,0.7510674562164483,0.3829285971114513
68.10972.36,0.10699999999999976,1.0,27.0,-7.5920145454545445,0.44727272727272727,-0.0035118812442298144,702.909292216412,-0.010800845328869421,0.06950171470805433,0.0,18022.43402249441,10.311754895126398,0.4040404040404036,0.585858585858583,0.6919191919191884,0.782828282828278,0.8939393939393901,0.0865809084240374,0.01277432044998577,0.009039119691955732,0.003834917796755011,0.0,1.2383339766676906,-1.3870295854018417,0.3478778477629296,0.24029670988770563,0.06708028246415199,0.035479139685409576,0.024827642733657927,0.0,-0.7539974472797457,-1.4913550682992613,-2.2031297008086597,0.06990387829713107,0.004478513691167456,0.034101634575642706,0.01711831421710797,0.0,-2.0446005301768375,-1.3035440045102882,-0.14060107663349297,5.538273984004123e-05,0.403714170071038,-7.5920145454545445,-0.009325317227647246,0.0680000000000005,0.13090909090909092,-0.1,-0.01765015806111701,-0.026080084299262434,1268.027482999998,6.602999387373513e-45,0.34845873450613774,0.09605182461639768,0.13649999999999984,0.03100000000000036,0.35154123518780106,-0.0046620248726142325,221.21658000029856,-1.4929788613438073,0.07079794403327574,0.8628350844753583,0.9114807338634138,0.8676720617816089,0.8494812879744975
82.8403.551,0.2965,0.9999999996637563,1.0,-5.329661731207288,0.2722095671981777,-0.09913581369033736,3.0275163595184855,-1.7604072441923815,0.14101667788361105,0.0,1807743.9742327807,151162.5470708837,0.158695652173912,0.27826086956521767,0.3956521739130424,0.5456521739130442,0.7347826086956524,0.09802325078460165,0.05865137843966914,0.02959352271228312,0.05024441250490643,0.0,1.617305750428593,1.7498977762258563,1.500259001700988,0.07718910228440391,0.04216922169669118,0.02987070101603449,0.043019338860357366,0.0,1.7982276752219155,1.2979901980274398,0.30144515752265777,0.07336043939929951,0.02843988024350867,0.026871374950018668,0.0050523006035512776,0.0,-0.22543631325133773,0.4920534954783087,-0.07864300488299403,6.720390364061963e-05,571.4285561662861,-5.329661731207288,-0.027887326660114668,0.09050000000000002,0.6651480637813212,0.03333333333333333,-0.1688262910798122,-0.08638497652582158,3943.144912500007,1.9067767594157603e-24,0.1796417113562405,1.291862694379648,0.1817499999999992,0.13474999999999993,0.1796417113562405,-0.644629416325001,2.0697240000008605,3.177747842905639,0.1486300176860899,0.4545820743795926,0.759936776382412,0.6955894573528052,0.2987952071799492
9.4882.332,0.32899999999999974,1.0,153.0,-5.362285849056606,0.35754716981132073,-0.024827216666777136,102.11077672817444,-0.052514396823474974,0.15023562946487345,0.0,131.91986072376383,128.3004890785027,0.23793103448275843,0.37931034482758574,0.5224137931034482,0.6775862068965512,0.8551724137931042,0.19760301401737035,0.11552381443746644,0.04750519347092346,0.09644491326641823,0.0,1.415256515192511,1.9975733799144686,1.3570777997316188,0.125183752800615,0.043699170229681505,0.05380709484052575,0.024720976804784016,0.0,-0.7204863041026051,-1.9728426338466587,0.1453334294825528,0.04970176670646585,0.022984864023786144,0.009122899078908592,0.018078903030855954,0.0,0.4758616124734678,0.3818517786082576,-1.3245776116283274,0.00017065462930891627,22.55373303060644,-5.362285849056606,-0.03572465704502104,0.1499999999999999,0.43113207547169813,0.03333333333333333,-0.1354670636397469,-0.1079270561965017,4100.704600500001,2.1979952788612903e-126,0.3526593223419531,0.4052383770653257,0.3022499999999999,0.12300000000000022,0.3526593223419615,0.1322016679342711,188.71294599752582,-0.4376522271887766,0.19156582293491672,0.7383615871102288,0.8449623028602401,0.7875038618680994,0.6463383823660656
63.7365.151,0.18150000000000066,0.8160592054669182,16.0,-5.473486055776892,0.30677290836653387,-0.008649123643548506,191.1912941633056,-0.028628322642670782,0.1471550732553677,0.0,63481.053376356445,79378.33306258956,0.13268608414239594,0.31715210355987283,0.46601941747572834,0.6278317152103555,0.8187702265372168,0.09461665985878054,0.015139817493397647,0.024322631430175812,0.013854642667812602,0.0,0.27875014510482554,-0.5660081687293965,-0.37100756958450154,0.05824642960620971,0.013153698435962162,0.007222486992767306,0.01702257384181744,0.0,-1.208215254209898,-1.8821336593514002,-2.0238027928294113,0.028720794432555933,0.010230731526790188,0.011512365562376286,0.0016184267892427502,0.0,0.31415601023852413,-0.48839683117041344,1.734395933885748,-3.159802035137822e-05,33.25039585444676,-5.473486055776892,-0.017852615724859515,0.07099999999999973,0.4940239043824701,0.03333333333333333,-0.06428049671292921,-0.056428049671292946,0.9995016564770567,1.3937553285657856e-15,0.1649885656057704,1.3365048016314522,0.14250000000000007,0.06350000000000033,0.31884641647475676,0.16168748189287135,1.8608909999966272,0.17407228963845567,0.09771604322916182,0.5388083258689383,0.8039614071965565,0.8358679266599949,0.39186910903412653
9.5484.258,0.19074999999999998,1.0,1.0,-5.601696069031638,0.17545541706615533,-0.10433534596862827,1.2584315267940258,-4.4513316376477725,0.12274356650367224,0.0009606147934678194,671.7748487514041,56.88495283326971,0.12363636363636278,0.22545454545454618,0.34181818181818246,0.48727272727272786,0.7163636363636356,0.048673768733920514,0.019982079496649565,0.016153762794548315,0.0011418151427741335,0.0,1.281031196601305,2.941315335304599,2.7423100279382044,0.03392622623919826,0.0074788398874804565,0.007698630095847573,0.008461649021824759,0.0,-0.7089261258586718,-0.3493009232520371,-0.784941898997752,0.021505504871230794,0.009011767486838304,0.003420204757106517,0.005816848785552254,0.0,1.1134141779379152,1.9894463965194082,-0.13349690477081644,2.2789862519001565e-07,3.8784744670961446,-5.601696069031638,-0.017485306728499815,0.047999999999999154,0.8331735378715245,-0.16666666666666666,-0.11918760021378949,-0.04899340815962949,911.2676890000001,8.000093114318497e-22,0.10813737988638966,1.5925752180952109,0.0940000000000003,0.08875000000000033,0.10927876675710102,1.570658106090373,0.42900500000541797,7.907466006303965,0.09794737396684985,0.22445958143803163,0.677339326856379,0.6746489567076054,0.1353878661190827
13.6808.521,0.2762500000000001,0.9999681823477399,25.0,-5.1735010266940336,0.2813141683778234,-0.015528479105694944,105.10789181071462,-0.04922086189313761,0.10744757143680772,0.0,25137.717951316594,2621.028620918157,0.14675052410901332,0.24528301886792436,0.3836477987421396,0.5199161425576521,0.7379454926624721,0.11340010840060116,0.044090171674716794,0.047540033309528655,0.014838308480521499,0.0,2.721567872522426,0.08450054791180395,0.6845032917893347,0.06392149438676882,0.03967869239621341,0.01134446125423201,0.010991633565117736,0.0,-1.8309791767484773,-2.0193910099730727,0.2960326625686638,0.040085054419732494,0.016293212078102443,0.014395680231016157,0.017670431378874744,0.0,1.5677603979463368,0.31200073130018535,-0.9455833416680859,-3.845112480653726e-05,65.14363269442624,-5.1735010266940336,-0.027959668269427376,0.09050000000000047,0.6796714579055442,-0.03333333333333333,-0.14708156165442582,-0.09219172787011988,1025.1569576249994,1.0355435114210603e-52,0.21297213586958716,1.169435841377074,0.1825000000000001,0.11100000000000021,0.21155333135616178,0.04794614390240127,0.14274300000397488,1.4146281193481993,0.14464937249790713,0.35119912348863175,0.7694950727347009,0.6877177532428298,0.23645561357457026
25.3712.72,0.1695000000000002,0.9999937515832793,31.0,-5.5959210526315735,0.31842105263157894,-0.004089977065577347,624.4975156037355,-0.008960677845486214,0.12364428070175393,0.0,7847.417088512091,2930.652679156807,0.237762237762236,0.34615384615384315,0.47902097902097673,0.6223776223776211,0.825174825174823,0.10093123324432979,0.012982985461984769,0.005306172325589122,0.04520417574728818,0.0,-0.18328164508298994,-0.6012101139627211,-1.9406180569378255,0.022636711125972545,0.006847750311638879,0.006631268389643347,0.00354315936491116,0.0,-1.0888429952890004,-0.5668043368608808,-0.015522465664210894,0.016681676158401163,0.010740231732964211,0.004340286100517911,0.005936424710879062,0.0,2.3439804672155438,2.809865410274977,0.8043952693415568,2.9445494602565776e-05,10.830324905976033,-5.5959210526315735,-0.016842814339642694,0.06799999999999962,0.46578947368421053,-0.1,-0.05957902247591875,-0.05101676774884061,2329.4224114285735,2.874488975553408e-45,0.37188866119055813,0.5680131824763309,0.13724999999999898,0.06699999999999973,0.3718886611906096,-0.0929681476649896,118.32661200017901,0.2249436700134746,0.09425105934877151,0.5772358324145446,0.8261735100897961,0.767606273173409,0.3890114004158462
208.16034.100,0.4535,1.0,222.0,-6.613143856143859,0.36363636363636365,-0.009300625246861429,498751659.1100733,-1.3259392195193387e-08,0.11666216392303053,0.0,169212.60246615278,253.9535637931511,0.29419035846724323,0.4684796044499392,0.6217552533992591,0.7527812113720649,0.8813349814585907,0.33911281953595346,0.06509239997179023,0.08401284202137486,0.03701770596583567,0.0,0.39912497284305803,0.7489804296891145,-0.5856898446830863,0.06109199689426578,0.029451276718585617,0.02623528713687078,0.012097046653335594,0.0,1.7300535763788325,-0.2972260062632315,-0.46744981311864264,0.051841242273429775,0.019081910628645934,0.022000764953900066,0.006918444087538696,0.0,1.831331817589445,1.4675228164652863,-0.6605556441938619,0.00034927626893132185,35.73852071430334,-6.613143856143859,-0.0417267227364733,0.2549999999999999,0.2127872127872128,0.03333333333333333,-0.10251771445801293,-0.12196592793607708,2690.8119100000044,1.7173092172330128e-182,0.436542704797325,0.051968464674192506,0.5030000000000001,0.07900000000000151,0.436542704797325,0.24778806323417918,461.8198130002711,-1.1675327855397044,0.27594482010172666,0.8604597472118769,0.8772985405157842,0.7130276400913407,0.7669862152088023
11.8988.1350,0.5154999999999998,0.99999955505905,27.0,-4.681424326833802,0.3129062209842154,0.03288985103526794,94.29640237332822,-0.04964584235461717,0.10621533797066984,0.0,538.1132051026319,588.4050320545083,0.13160854893138366,0.26434195725534365,0.3880764904386952,0.5545556805399323,0.7604049493813271,0.19912429034192275,0.057931268409953524,0.041092317129191015,0.007478546216626216,0.0,-1.9468850917032459,-0.08273793938001694,-1.0309720171863404,0.14826781526711047,0.003373507863660233,0.023640961938379144,0.049916975566800345,0.0,2.5577595214247606,0.3534469536948903,2.534277400185135,0.07179188714313424,0.006903614220544194,0.005237965112698091,0.002381995299507432,0.0,1.3518899353994136,-0.46167082450470864,0.22310154306147606,-1.2834092082440403e-05,74.00118082659075,-4.681424326833802,-0.05736548144944572,0.17100000000000026,0.574744661095636,-0.1,-0.2525706940874036,-0.19044558697514982,709.2671193913044,6.215202364341699e-58,0.2663828369792471,0.9840793365209856,0.34499999999999975,0.19700000000000006,0.1845612117074071,-0.20266008039042865,4.48033600000781,0.3872771303649998,0.26855216037796836,0.5405418003476589,0.7834272256097723,0.6828601543357238,0.39562421712705437
22.5595.1333,0.2969999999999997,1.0,73.0,-5.628253913043477,0.20869565217391303,-0.030898595814646816,75.34542691404516,-0.07469934332529891,0.07722039525691748,0.012216404886561954,1048.1842301770896,307.5038374206599,0.13137254901960824,0.2509803921568631,0.37843137254902076,0.5529411764705885,0.8176470588235294,0.21085778004545525,0.06784499217517512,0.04742668257735555,0.03313633304244241,0.0,-0.9647590607691798,-0.07441155155717838,0.09302263811382616,0.07397065021517316,0.02264977491790989,0.03432161656713186,0.004558018412912392,0.0,0.2879568285200875,-1.5659730407980637,0.18911687689383327,0.021069109446294632,0.011073305763181706,0.0024543293055647817,0.0050788464141891775,0.0,0.06669725295716405,-0.5383845004517804,0.9671767703287786,-0.00011401104193082511,12.332838043520407,-5.628253913043477,-0.028309433282195547,0.09699999999999953,0.5791304347826087,0.1,-0.10136210861489482,-0.09021758358393771,2728.689582999999,1.605118425687084e-67,0.3541818762435164,0.3574671752897389,0.19200000000000017,0.07700000000000085,0.3541818762435158,0.7569443449625808,189.67139999876963,0.861075703964238,0.15933267864656034,0.6802150955906824,0.772656362682485,0.7529501542057615,0.48458780676869523
208.15920.619,0.3514999999999997,0.9999999999999996,84.0,-5.391576649746192,0.2730964467005076,-0.02595295683740792,71.8474674561324,-0.07504198603852116,-0.028816463483103405,0.004069175991861648,1097.751499735608,1434.5522233280776,0.16694214876033042,0.2991735537190081,0.43636363636363495,0.5917355371900817,0.7884297520661157,0.18634797318633212,0.05113474148681545,0.019636785510536048,0.04504677376385029,0.0,0.5526806541641838,-0.3203676903808029,-0.49730522113408704,0.05626499625798749,0.023825998664566743,0.0009438093713281841,0.003867483029809393,0.0,0.5592708006427292,0.39980260551001084,-1.4583706877095244,0.04011442431772998,0.013512132115399571,0.020724290628297653,0.008175311915095629,0.0,-0.5017153419737201,0.6020824997596939,-1.8091322168027053,-8.677368926421716e-05,56.083220285688434,-5.391576649746192,-0.035819558570350046,0.13000000000000078,0.6050761421319797,0.1,-0.15033284023668633,-0.111871301775148,1792.2966142500024,3.366498599475132e-93,0.2977390976700517,0.6851699888936369,0.26399999999999935,0.15799999999999947,0.2977390976700497,0.35243592677595004,0.49234900000010384,0.7625847418031313,0.19312389559211537,0.5007219882520989,0.7942026886525734,0.7066787499958163,0.35166402836090443
14.8249.74,0.4394999999999998,1.0,35.0,-5.327669988925802,0.2823920265780731,-0.023128163160933933,148.5591617237026,-0.035862278213675276,0.08359709181953523,0.026637069922308545,54.55181447153554,94.98401633648511,0.13532763532763498,0.24643874643874653,0.39173789173789225,0.5299145299145298,0.7549857549857554,0.2030755078125164,0.044739229227078736,0.021349024344434097,0.15027833357871043,0.0,-0.045391430880987474,1.5541214157899532,0.4790004422050297,0.07616378205415467,0.02544144311655641,0.05029015312829893,0.029059394140898025,0.0,0.38127961556867396,0.5913532082882889,0.981927778930177,0.07066825243850268,0.010554687323416098,0.036840189418464515,0.012517149274965316,0.0,0.013939253922893968,-1.5254791340165852,-1.1725638933419849,0.00015335737965150282,18.68766403943664,-5.327669988925802,-0.04054336336374673,0.12399999999999967,0.5758582502768549,-0.1,-0.1636533084808947,-0.1308480894687791,3188.0734164000023,5.078816689843334e-70,0.3237941455627745,0.35705360325463714,0.27450000000000063,0.11599999999999966,0.3237941455627795,0.7169743022558165,82.08146699979989,0.7887314176129974,0.21600166024314732,0.6138312450530908,0.7777474538863884,0.8118714747061394,0.35130366245584715
42.860.123,0.07224999999999948,0.9984097728132456,2.0,-6.619764705882353,0.29411764705882354,0.005653127385498171,51.966365553060186,-0.12738556247739227,0.07856221719457146,0.0,583.8868307028263,48398.4384901387,0.11016949152542341,0.20338983050847573,0.33050847457627774,0.49152542372881447,0.7203389830508505,0.03408486273269686,0.019473216062647354,0.01229554655777358,0.021033172946621173,0.0,-0.06995836315917461,-1.6176368796415501,-0.2473438323286109,0.03383981911687753,0.014371273682449733,0.012882720412938913,0.01807262045840433,0.0,0.4650156183022712,0.300946716312427,0.7287008265602962,0.02145215194215971,0.0025250825987209384,0.0034864455921779646,0.0077754202574365884,0.0,1.483614469234075,-0.4024693272646387,0.652012083423587,-1.816287073704817e-05,2.667534157278614,-6.619764705882353,-0.005161127542135195,0.018000000000000682,0.47058823529411764,0.16666666666666666,-0.013134057971014454,-0.017814009661835665,0.9988382654432288,0.14315705904583775,0.27875074869716693,0.937480213037166,0.035499999999999865,0.02249999999999952,0.32257035288861624,0.6374656165311879,17.874791999980516,0.7544102660980112,0.0341654499459839,0.6231461247710584,0.7562088858927477,0.7033477664234639,0.4737363102102125
17.2227.488,0.29600000000000026,1.0,22.0,-5.316083516483516,0.23296703296703297,-0.009101883779099474,326.9323311218674,-0.016260501059168393,0.12520751196287705,0.019867549668874173,462.17645019259925,326.7483065521385,0.11422413793103424,0.2025862068965503,0.3362068965517232,0.4741379310344837,0.7004310344827583,0.13299874903281814,0.06363004025826559,0.012637323733891908,0.07424373858357629,0.0,-1.4887422552179315,-2.12961303251072,-0.45687087131045845,0.05117711484722293,0.03183586327196771,0.03642342983696243,0.005560111424466044,0.0,-0.9456975142083538,-0.39578484648906476,0.8900700120371905,0.04455737918499834,0.02082992972485181,0.023611693252162436,0.013494913077974614,0.0,-0.6750789540698119,-0.9299845149504405,-1.6200312938951433,-8.995543061023013e-05,8.211060948161652,-5.316083516483516,-0.026048543988706457,0.07000000000000028,0.6615384615384615,0.03333333333333333,-0.13325846902489233,-0.08684259779150298,3266.1407219999996,1.0285116169894627e-24,0.29660113573663927,0.5938668264306208,0.15549999999999997,0.08800000000000008,0.29660113573663927,1.0546671280398199,33.81072199999471,2.308108451345256,0.13847623532675818,0.5251662114014353,0.7448929208094247,0.7420547452036098,0.3159796914895013
28.11400.609,0.39025,0.7399639429222793,14.0,-4.610356083086049,0.29673590504451036,-0.017590533813334547,168.84486781829327,-0.027305278168404865,0.09805409655466857,0.0,310.025471801917,658.6739073359164,0.17307692307692327,0.31213017751479366,0.4245562130177518,0.5399408284023678,0.7544378698224871,0.1400269343724475,0.06581973994463677,0.01629506996260677,0.016316191405251364,0.0,-0.0035009331109703903,-0.9587850187652689,-1.0808840509380242,0.12438554263659199,0.007629913222089687,0.04836663598304701,0.04992688585102184,0.0,-0.5085869546927325,0.520470609938489,-0.7788131543165755,0.04910397298606059,0.017173011345063164,0.004638044483647533,0.009002248315087003,0.0,1.9423172907771544,1.932359449999213,-0.37525506906662653,-0.00013030577808475206,11.857583190952637,-4.610356083086049,-0.044051527071949786,0.14400000000000013,0.456973293768546,0.03333333333333333,-0.16782457663916625,-0.14676508901432897,1431.732039272727,7.98226507216731e-15,0.21368219353534335,0.9174626596597719,0.2869999999999999,0.16299999999999937,0.21368219353536697,-0.03619554883226356,6.171666000009282,0.3341205971077308,0.20309322580539346,0.5322291316764586,0.8041848669013028,0.7739416283899532,0.411157231937815
208.15799.1085,0.3035000000000001,0.9999853623187573,51.0,-5.175517241379308,0.29780564263322884,-0.005647279406408088,1667.893752810287,-0.003103025736896559,0.14060258894941846,0.0,4721.630309579502,3066.270080110262,0.1655773420479296,0.31590413943355244,0.4618736383442264,0.6143790849673209,0.8061002178649246,0.12665782750644836,0.03543293515172013,0.05226807450955904,0.010942472941176767,0.0,-0.6974980347561063,-0.8854163652661152,0.7564135093132999,0.02870475039761308,0.00860961244318645,0.0068421701315888655,0.019877186588524196,0.0,1.7286602518222711,-0.9415671470976177,-0.19450567799556978,0.02754822331021947,0.009447631748830057,0.013950386913141054,0.005433849710851705,0.0,-2.0915385315398023,-1.6291249730711352,-2.110935783147344,0.0001321627116312995,67.85795072336077,-5.175517241379308,-0.030057029404099943,0.10499999999999954,0.6185997910135841,0.03333333333333333,-0.13493137444422973,-0.08872994393968676,2690.8119100000044,2.323119223730912e-70,0.3199573521464209,0.9574915509251161,0.21199999999999974,0.16900000000000048,0.3199573521464209,0.011148072600081995,8.082410000031814,1.2770223535652008,0.15556067390556408,0.4156093664779861,0.7809999828489578,0.661368851967798,0.3188604563831837
13.5717.178,0.22100000000000009,1.0,12.0,-5.629444327731097,0.22899159663865545,-0.06229577796831008,4.338192526523031,-1.297647417285783,0.20080613609079734,0.003157894736842105,20050.83960252029,1639.2084583802266,0.10662824207492787,0.20172910662824317,0.3054755043227666,0.4466858789625348,0.6714697406340057,0.06966589805166541,0.012612187237043637,0.03422172987198671,0.034804755330894534,0.0,1.0400599857788277,0.5415356438994993,0.8147372669327264,0.02750783687644936,0.0076821854275472765,0.009093447981379215,0.00827295068416906,0.0,2.1187546699157056,0.8260296476110864,1.7409814965716541,0.020712319083789423,0.0054293179609319255,0.0025752017253861796,0.005421922364876862,0.0,-0.4757321285111954,-0.1312089974280085,-0.7474661429452354,-2.3098617493046253e-05,20.69882263530628,-5.629444327731097,-0.018643592489386858,0.053999999999999826,0.7226890756302521,-0.1,-0.10388918486947256,-0.06162315752086654,2342.393343428572,1.6269005523644964e-37,0.1993748413706645,1.0870937393070133,0.10549999999999926,0.0810000000000004,0.19937484137066458,0.8253980537532342,0.12910900000133552,3.306149848425851,0.10495306598790892,0.3887871481090366,0.7113590679215418,0.7341931718482796,0.2867786288600797
9.5239.505,0.2649999999999997,1.0,1.0,-5.017856454720622,0.26011560693641617,-0.043397253647198764,11.278312841356154,-0.44491197622403006,0.2037709217052246,0.0,1058.45812017408,2569.55431720678,0.15999999999999917,0.29647058823529504,0.42823529411764605,0.5694117647058826,0.7435294117647058,0.3406675234610709,0.12506637585628025,0.08360900949758991,0.06991130549508398,0.0,-0.8838028789509164,-1.6107612026849405,0.8865170532151635,0.21927187171194887,0.12122856248673577,0.108957463287086,0.009446120590734807,0.0,-1.5470384496353848,-1.8389044122583804,-2.230573123212559,0.10973616495750856,0.057598905229734494,0.044741775934302605,0.018152451652082655,0.0,-1.6177857201398242,-2.1114495801354263,-1.0653626136558172,7.170230871895779e-05,72.49255210692944,-5.017856454720622,-0.027999859067348257,0.08900000000000041,0.7543352601156069,-0.1,-0.15170897461523075,-0.08494903058165097,16402.818402000004,3.7583901562508157e-32,0.20758121540865454,1.321670976970177,0.1817499999999992,0.1200000000000001,0.20758121540865454,-0.4374958172207139,0.37640100000135135,2.8941276433241225,0.1404992735523612,0.4237010196610355,0.7647108605449687,0.6605825546681323,0.25549903224038006
77.7551.3853,0.5505,1.0,44.0,-4.380772876892702,0.24950625411454905,-0.00997463353912875,636.9301596192017,-0.006877948564269295,-0.0061008408102321,0.0,4224.979327225501,4395.728115679268,0.13043478260869557,0.23112128146453093,0.36842105263157915,0.533180778032037,0.7459954233409616,0.18980233663178267,0.02206278810742392,0.020863957570080412,0.015119855461626447,0.0,-0.788524242350364,1.3769607108891277,-0.4067887969562832,0.14779967565247634,0.034289226153821406,0.05178382317876921,0.022976469848442253,0.0,0.09409837986575464,-1.9518471820670151,-2.029380155657595,0.05057629908736538,0.016225465493049904,0.026241321968598696,0.008295177167437244,0.0,-0.6478200335708052,-2.4007516566858174,-1.5987532891184164,-0.00010263425632530378,215.33589696213102,-4.380772876892702,-0.06303771315408563,0.1559999999999997,0.7511520737327189,-0.1,-0.37909975118751416,-0.19769282967654367,1012.3696920000002,7.950276679829495e-74,0.24491402318804434,1.1846882600809017,0.32200000000000006,0.23100000000000076,0.23818325703074303,0.6573044376532833,0.03145799999765586,2.3546554381651954,0.2761539040067606,0.46264335539360363,0.751799746975599,0.7170169587503442,0.293082589646143
64.8092.454,0.5432499999999998,1.0,2.0,-4.106065637065638,0.22393822393822393,-0.01248260803312216,500.1472185386595,-0.008209714029926679,-0.03241741572176249,0.0,123.50957318753797,58.04956175282225,0.08047337278106462,0.12662721893491147,0.2449704142011832,0.42248520710059184,0.6757396449704143,0.12685760439322527,0.030071800545062897,0.02777732731049884,0.021753054904677424,0.0,0.4870769823708457,1.000275032535617,1.064901855304372,1.4707662601880855,0.4197196238719662,0.22938180662204058,0.16701817833939311,0.0,-0.7555995346894511,-1.4890183251794147,-2.191453477983067,0.42770362801060047,0.09562990263098038,0.11820399904051455,0.048685522212346004,0.0,-0.9924230994927072,-0.8054083636674569,-0.3017844000896531,-0.0001199934417454772,2.451458339154056,-4.106065637065638,-0.06012347492651159,0.10000000000000053,0.7181467181467182,-0.03333333333333333,-0.27956204379562044,-0.2055961070559611,760.8178818000007,0.002340732004549342,0.17572057049225326,1.6107934196222577,0.20699999999999985,0.2192500000000004,0.18757551378085408,0.017942535654146226,1.9300349999975879,3.2806658913005835,0.24687093437672672,0.3081040476436903,0.681120301182301,0.712339556641573,0.2067839867388528
1.4537.1642,0.4009999999999998,0.999999999926152,35.0,-4.938839797639127,0.28330522765598654,-0.01427819740909133,336.5314122423507,-0.01467571708902602,-0.0796171085634958,0.0,24431.560539480022,1104.3083984696714,0.14916286149162974,0.26179604261795997,0.40030441400304395,0.5662100456621003,0.7747336377473368,0.12774547340679962,0.048799383793187726,0.02782040549999362,0.02755001897302112,0.0,-0.6948122814752143,-0.4266312684925919,0.09495723093823871,0.09815887212672733,0.002286663674915754,0.0381230185689833,0.02807083030932282,0.0,2.0535449235406893,-0.15676514360152594,-0.9981347620330794,0.08182852663920168,0.01659170712886088,0.026731912993272884,0.024246567716927143,0.0,0.19089340897762574,2.79053629615853,3.0334415232744787,-2.105662823185747e-05,63.47055760921172,-4.938839797639127,-0.042612257871699845,0.13050000000000006,0.7200674536256324,-0.03333333333333333,-0.2252070288830539,-0.13270046455261564,605.077283999999,1.0770647481516601e-41,0.22435117822641226,1.3235547660701332,0.2629999999999999,0.1639999999999997,0.18528020320721433,0.11613670321839935,0.21340200000850018,1.9009709770551773,0.21045511504401235,0.5151498348998119,0.768750449094709,0.7445293656347776,0.366064316607138
53.3725.29,0.3247500000000003,0.8422082611011132,9.0,-6.5348298611111115,0.3020833333333333,-0.03379972245608212,50.38563479791317,-0.12969628917688591,0.3266184147509561,0.0034965034965034965,6839.950003650783,873.790750096706,0.18294849023090554,0.29840142095914785,0.41740674955595103,0.5896980461811723,0.7442273534635891,0.1331207047578912,0.016972501737835707,0.014079922047102436,0.028877560317837888,0.0,0.6206263744515055,2.958457705670064,0.057587674164950586,0.10188251423969555,0.014962981796211543,0.028821859895691443,0.020227743817116218,0.0,1.72506626066212,-0.79199392072077,1.46049473883444,0.06656821318835277,0.01785181732772341,0.010389710238687115,0.014814720846322744,0.0,0.4119182318236725,-1.5410219738784834,-0.22330627486302557,7.057430684959961e-05,8.832074376308315,-6.5348298611111115,-0.02605462617210337,0.11999999999999966,0.4027777777777778,-0.03333333333333333,-0.08496932515337428,-0.0863496932515337,848.3085723333328,5.068333571908889e-15,0.25275882117104975,0.9603305607692192,0.23500000000000032,0.10050000000000026,0.17546154427953434,-0.06364554776585848,50.50478399984422,-0.07112210468494551,0.1702625491295482,0.7125442211300846,0.8164057701293571,0.8067403240424366,0.5407361911936309
61.8199.302,0.1705000000000001,0.9999999496802326,12.0,-5.293106435643562,0.25495049504950495,-0.005514062764718555,258.688070714196,-0.02046134721647639,0.023736382784619536,0.0,252.2229007809911,229.77180252381342,0.14285714285714382,0.26691729323308166,0.3947368421052647,0.571428571428572,0.7744360902255654,0.06255598096053129,0.04379139885689337,0.03808447608018668,0.05624975254660082,0.0,-2.121876020331652,-0.2263198925897355,0.36810845254351077,0.051240369966932355,0.033981210966327696,0.020743230706019803,0.023760785533627805,0.0,2.7393918408971807,0.43008148816803393,1.4892203222364544,0.023687561236808884,0.005725425452214377,0.006959553887728005,0.006893557486448423,0.0,0.9089649050628446,-1.731696421780047,0.21611989058379716,6.491345491185944e-05,3.6348385290488867,-5.293106435643562,-0.01743560471989505,0.052999999999999936,0.8217821782178217,-0.1,-0.11783048284985352,-0.05026929982046679,3811.450798499998,1.2086692465099426e-15,0.2581095986993724,1.0955468204311856,0.10500000000000043,0.06724999999999937,0.2581095986993724,-0.4351843620044689,5.016204999992624,6.548474900305413,0.09228851155221375,0.48658896733930124,0.7301105996240004,0.7464382352136969,0.3096520259584406
58.6272.729,0.7050000000000001,1.0,22.0,-4.193670520231211,0.2543352601156069,0.013543431338607791,1282.7610989904747,-0.003269252960299158,0.203969767538573,0.03197674418604651,67202.64628453522,764.399092942789,0.18994889267461668,0.30919931856899463,0.42844974446337336,0.552810902896082,0.6908006814310054,0.4221000749044502,0.16064448728077427,0.05005429152341383,0.050173190095483086,0.0,-1.2880277652714929,-0.4106377028541812,-1.9991468849949894,0.17080751806825967,0.02446766948002723,0.07071590365095791,0.014758219213797568,0.0,-0.05927476460096992,0.650119034257971,-0.7280344511446873,0.0743738700083126,0.01834593785568188,0.01704365378014058,0.013406430252881666,0.0,0.4277727119241898,0.5546561446823925,2.1424135830244273,-0.00015312286412159145,22.801855839661787,-4.193670520231211,-0.0853764563929479,0.25500000000000034,0.5028901734104047,0.23333333333333334,-0.3405839933798321,-0.2775741813453126,2544.982917000001,5.9252079511578325e-36,0.35335249461278034,0.5968984358351891,0.5015000000000005,0.17624999999999957,0.3533524946127819,0.8044320121114847,11.621940000055474,1.0556626169100212,0.35804072829691114,0.595822887979521,0.7973597152586526,0.8078436369674902,0.309272673584673
75.13376.66,0.1837500000000003,0.9999999814936565,20.0,-5.597979591836737,0.3551020408163265,-0.007375811374736186,304.5778282488128,-0.018379471756111182,0.036704852607706506,0.0,19.125988336825422,4.987084510984683,0.23255813953488455,0.3720930232558141,0.5149501661129544,0.6910299003322232,0.8770764119601332,0.10361099036331695,0.0623344482603396,0.04950763947885605,0.01619286067318786,0.0,-0.601853707819177,1.30530820835194,2.2615022757909875,0.050438074258681076,0.013986525119459277,0.014859337202407546,0.02484064256071415,0.0,2.5690748503313245,2.063666514759227,2.4684826285707264,0.022358454096654795,0.010213375131159472,0.0030410505123345632,0.001039865315019074,0.0,0.8209971203223508,0.9053725871890789,-1.5941115306987084,1.0634949386503156e-05,0.18676926526995574,-5.597979591836737,-0.017907408848971667,0.07800000000000029,0.2897959183673469,0.03333333333333333,-0.04903708987161189,-0.053673323823109874,1905.0019530000009,6.574423331063712e-25,0.3862162574818137,0.42811912300072924,0.15499999999999936,0.05400000000000027,0.38621625748180477,0.3259405752619597,138.58475799995358,-0.7087398690564859,0.10024530927921999,0.7311729191229593,0.8489910654204055,0.8342721640662689,0.6503558222517377
206.17052.388,0.2384999999999997,0.9999999999999998,129.0,-5.814061956521739,0.3760869565217391,-0.005623233945281286,1041.540735267261,-0.0055821743304450226,0.06309593821510617,0.0,76.76036497907259,9.619456138172161,0.17361111111111172,0.3425925925925923,0.5370370370370381,0.6921296296296313,0.8472222222222224,0.17748580874897502,0.006841133717694161,0.023530919096857686,0.05727010961574256,0.0,-0.5051926770161037,-1.139038346030541,-1.922047166232876,0.039679079937963484,0.001936530087191218,0.02354154912039871,0.008977686285902859,0.0,0.0920932686770754,-1.3717220815770297,-0.41845934198255863,0.02456514076823589,0.006956124069788264,0.0034603942161012054,0.0038049974074616136,0.0,-0.989949686872756,-1.469466275992346,-1.5780746421917877,-0.00010628715235891411,2.473991372785249,-5.814061956521739,-0.02433667357219696,0.11549999999999905,0.45108695652173914,-0.16666666666666666,-0.09732381034334413,-0.07434816280870829,2306.424861428571,1.636513447269256e-132,0.3729572606381317,0.3804825832629561,0.2320000000000002,0.07800000000000029,0.3729572606381061,-0.12492480327568478,246.7832939999862,-0.28541373919343904,0.14149492796439836,0.589898117403483,0.825475025719334,0.714632810815399,0.4832767839028857
207.16310.1050,0.20800000000000018,0.9999999999061955,13.0,-5.52461963190185,0.27607361963190186,-0.006591457518357518,252.12924321481188,-0.021911855846070673,0.1853597069411288,0.0,278.8509465818826,32.018133032458614,0.12941176470588384,0.24117647058823496,0.36176470588235377,0.5058823529411758,0.7323529411764699,0.057599362652943756,0.04250747035203482,0.029133663632546294,0.02261733216370677,0.0,0.6781416131349624,-0.29942694991328517,-0.47533242796765657,0.04359716171811477,0.013055492192503139,0.006309339695375533,0.009806414422017296,0.0,2.0218200825687367,0.6254728750454782,-0.08161480477832272,0.027656143720553215,0.007999585445449927,0.006342962532998545,0.0050013479076477,0.0,1.849263237757951,2.1607009649239703,0.5740609058883457,-1.9208214325677506e-05,3.1741329327978063,-5.52461963190185,-0.018783728894895456,0.06099999999999994,0.6973415132924335,-0.1,-0.0974859829987339,-0.06149394103816239,1793.8723693333354,2.120522739823796e-23,0.2199444055534327,1.1231581245803264,0.12300000000000022,0.08800000000000008,0.2199444055534029,-0.12649901492851204,2.73038399998768,1.7286673997317599,0.10377295741306149,0.36877886224048,0.7570740675686616,0.6906412317091398,0.2346597536913615
13.5962.237,0.47250000000000014,1.0,65.0,-5.233683815648445,0.3386923901393355,0.02810796767592938,163.63502464225002,-0.03198388503372478,0.35328039259450517,0.0010741138560687433,3814.2606260335674,3546.4614108456803,0.2132867132867142,0.35664335664335683,0.5093240093240099,0.6456876456876463,0.8216783216783221,0.25827443397356536,0.09416846299249615,0.059871654425112907,0.06448087655337414,0.0,-1.021269752046025,0.5347420072669833,-0.7173894418762528,0.09995710636971823,0.04925819270784541,0.04500728618018633,0.03677897634938959,0.0,-0.889993197065224,1.3678339336165446,0.13605297700297786,0.05979563883885586,0.012593966460332671,0.006982267286968222,0.015035361936477034,0.0,1.019279323585617,-0.5526474690402715,0.42924518831202463,0.00011503022604062896,148.88392870552227,-5.233683815648445,-0.05185216528928265,0.2190000000000003,0.5509110396570204,-0.03333333333333333,-0.2461273666092943,-0.1640849110728628,1489.5029989090901,2.176719697480101e-103,0.208070270084297,0.3974042061602966,0.4370000000000003,0.20250000000000057,0.20807027008428824,0.1335554253984962,1.4291699999739649,-0.22498254828104836,0.27137783828084666,0.7141195556857988,0.8417723578771558,0.8172236486867591,0.5846148049670636
25.3469.117,0.19324999999999992,1.0,31.0,-6.143891534391531,0.2619047619047619,0.00955711831056352,281.5790666914734,-0.02181941863286095,0.03700043236746975,0.0026595744680851063,70897.6223158078,8967.682270032265,0.11343283582089629,0.22686567164179258,0.4000000000000011,0.5940298507462682,0.8447761194029836,0.11605548201850471,0.05193500001967805,0.03489124830201652,0.04901058397707698,0.0,0.23664097398895878,-0.8403097897018671,0.8177298317512159,0.056528955781403004,0.016578880482413745,0.028430552065230773,0.04490902576181723,0.0,-0.5785755977099524,-1.340422316313897,-0.3801412594587157,0.028246014950653018,0.00830832677175432,0.004100432661336137,0.007023633648223537,0.0,0.0347777937719006,-0.5946006861571425,2.3066038014040497,9.896342547041343e-05,26.663993581426762,-6.143891534391531,-0.017118660714619927,0.05900000000000105,0.5343915343915344,-0.1,-0.05739299610894958,-0.05431258106355383,4083.9536114999974,1.1248086371457455e-36,0.32317545013486687,0.29844879050410494,0.13250000000000028,0.04600000000000026,0.32317545013486354,0.47577542394041933,2.036134000009042,0.201471913163211,0.10517519464467424,0.6540236170770546,0.7908278305778474,0.8016041291921251,0.4674153282429535
6.7059.207,0.56175,1.0,94.0,-6.288565388397252,0.3815142576204523,10.0,0.5,-12.577130776794505,0.3735221389550425,0.005911330049261084,1635.7142522257056,10.8488399470142,0.23594377510040182,0.43172690763052163,0.5813253012048187,0.7158634538152608,0.8855421686746989,0.3512903891445534,0.200567208845741,0.15995970529400888,0.043458229222522446,0.0,-2.121539528845725,-1.188506003844582,-0.8964139162124936,0.11714194050006276,0.014532522536272354,0.05232786290500181,0.01806673541117315,0.0,0.6668381743871894,0.40245426287534314,-0.4112602496715129,0.09531116420087986,0.09162066272671213,0.012028646126791376,0.03823903895619495,0.0,1.5876578941186412,2.4284294462351177,2.3004518868825294,-2.235176468851619e-06,5.201266397462965,-6.288565388397252,-0.052728294075182404,0.2839999999999998,0.288102261553589,-0.1,-0.1673779042200095,-0.15742057847321012,1703.899138799998,6.278190582823002e-126,0.36814155501857304,0.09400864886114053,0.5789999999999997,0.15474999999999994,0.3681415550185709,0.12227951883589327,9.542769000327098,-1.0312657903967668,0.331585325110424,0.846212235379103,0.8662143457436688,0.7814198141418554,0.7246914522293926
53.3360.344,0.4480000000000004,0.9999999632241074,41.0,-4.934234200743493,0.3159851301115242,0.008463461885036303,797.2809907783198,-0.006188827098369178,0.017595915086626057,0.0,37681.45193073401,7715.527732048029,0.2957937584803256,0.41383989145183253,0.540027137042062,0.6784260515603798,0.8466757123473536,0.3092184621200861,0.23540575649404574,0.19343905512759035,0.16229225215716211,0.0,-1.7161573723756507,-1.243811414398429,-0.7722663633495462,0.3530885441377783,0.23047162040685287,0.1841432874086519,0.0739521836917965,0.0,-0.39784172568596077,1.0439911428664668,0.6978413368459601,0.18921972815688856,0.04077177199508817,0.037711868254656875,0.008427230543065855,0.0,1.7139546442148905,1.083500105925757,-1.1572145218689311,0.00027481857371803507,38.51640511765089,-4.934234200743493,-0.05153263067435634,0.20099999999999962,0.35315985130111527,0.03333333333333333,-0.17884028484231934,-0.14994913530010176,5089.8514339999965,2.380076055519906e-31,0.3988195698620188,0.4551570596907481,0.3979999999999997,0.16300000000000048,0.3988195698620164,0.06015651706307466,105.68861599965021,-0.30352659689551187,0.25427406872769226,0.6683474323489601,0.8517964047594901,0.8024337542110873,0.5461310078245631
59.6398.185,0.3985000000000003,0.9999928293063053,37.0,-4.823792253521126,0.3626760563380282,0.009096711035756122,1105.973724730955,-0.00436157943507617,0.19731696149594136,0.0,6665.831594443856,821.3948761095709,0.21708683473389406,0.35574229691876835,0.5210084033613447,0.6358543417366948,0.8473389355742296,0.2611518562794947,0.20305403546463024,0.08201568396212378,0.003263992690449763,0.0,0.5807958255278562,0.79913167353978,-1.6270457980484658,0.11639514454587194,0.021665586652186316,0.03387051263576079,0.005616684902162472,0.0,1.0734544513374416,-1.3954524021678838,0.7336201351621836,0.04007136957135313,0.005464844877235759,0.009924264463498674,0.00837963897628912,0.0,0.9614812337754144,1.208908682300306,0.8178298279064316,-3.465056581878526e-05,12.310124795482121,-4.823792253521126,-0.04770387283773992,0.1875,0.4014084507042254,0.16666666666666666,-0.17894736842105255,-0.14736842105263148,2181.353273142861,1.609794677422802e-34,0.3948790998214051,0.3502250196659097,0.3702500000000004,0.13400000000000034,0.3948790998214051,0.27727571152364666,257.57679199957056,-0.29700428687440894,0.23011357225764667,0.7498670958310905,0.8363647795188879,0.8008222062693081,0.6686441045449684
30.11301.499,0.40700000000000003,0.9999999995475173,2.0,-4.753934579439251,0.2118380062305296,-0.051785023828262604,15.584969362261175,-0.30503329643694066,0.19616816028677686,0.0,27080.790051448494,1264.2093712451237,0.1489001692047378,0.26903553299492494,0.3891708967851106,0.5414551607445012,0.7851099830795266,0.1222133280063258,0.029576786258356053,0.030926558820490255,0.020611861268300693,0.0,-1.0894392390932748,-2.1880089010720294,-0.09655218156462653,0.07057620243001267,0.01179998938140547,0.028408549906311947,0.018576568726560806,0.0,1.7088461857685298,0.6271413938310655,0.9462026626738063,0.06154380399091926,0.020338190547568916,0.014851028748359219,0.016004263439545616,0.0,1.0009819763027072,0.30620438554648965,-0.7083027803867942,2.5599023302373344e-06,16.016241815894936,-4.753934579439251,-0.043383444973515484,0.11399999999999988,0.6510903426791277,0.03333333333333333,-0.20151930787085884,-0.12470985439966242,1121.9703124285713,6.842320856863854e-09,0.20118380008153797,1.1711396541936476,0.23000000000000043,0.1717499999999994,0.20118380008153558,-0.644115116709608,2.518496000004234,3.4980291528196705,0.20624205923479524,0.35292098688898793,0.7290130875841193,0.7300167197683909,0.22490365784149624
207.16316.446,0.17899999999999983,0.9980369469210909,26.0,-6.096879823594262,0.29106945975744214,-0.01058477896617843,116.43211993118001,-0.05236424302158174,-0.005644392358829187,0.0011049723756906078,21.9760976004434,81.85591234771046,0.17647058823529485,0.30795847750865224,0.4325259515570939,0.5882352941176474,0.8062283737024217,0.1622008964941902,0.08296664000991753,0.06002784925113779,0.05029760752461098,0.0,-0.7343889362458416,1.7657229102797436,1.147845896640715,0.1566503090322882,0.11458253902811265,0.040962871774329335,0.022413574860051643,0.0,-2.2518382830685884,0.6132338933490208,0.04252686055360244,0.10637386056692621,0.037855234749152186,0.027946230608459955,0.008430094855243363,0.0,0.7852256631970004,0.28511807517420273,-0.4839482461420662,5.969556362509888e-05,7.09399543766489,-6.096879823594262,-0.015484636399793502,0.06300000000000061,0.7045203969128997,-0.03333333333333333,-0.09447269148761694,-0.047400360833196604,16144.85132400002,5.388982694496822e-30,0.2153667143898851,0.7799252106070018,0.125,0.07000000000000028,0.2153667143898851,0.013117181821315264,33.735384000028716,1.7965764643347089,0.09440796724159428,0.5414898916524894,0.7867209306278106,0.8127971853574927,0.3993546805244476
17.3197.1182,0.2570000000000001,0.9999999983055763,16.0,-5.303273137697516,0.33182844243792325,-0.012962942050252441,183.78136557982197,-0.028856424703157076,0.13572686230248276,0.0022675736961451248,207.3436765309452,50.73450109671347,0.16438356164383586,0.27397260273972646,0.3858447488584488,0.5547945205479463,0.8127853881278562,0.1184355894851553,0.04063158438390337,0.007890090382842607,0.016257763142851482,0.0,0.15880923087808685,-1.399110096233045,0.1397498190896398,0.15976370096885803,0.06374807704270449,0.04418392740310284,0.037381949200191826,0.0,2.946640291765258,2.573450663806655,2.119572943237883,0.11575841633570363,0.050943728076976245,0.03856655185552532,0.014225145205687262,0.0,0.45581982580174285,-0.2451389260764259,-0.4604040359334564,3.4752128509602444e-06,1.640859717975913,-5.303273137697516,-0.025568100110143224,0.08399999999999963,0.5711060948081265,-0.03333333333333333,-0.10592018157745406,-0.08284471344808014,1633.6872846000012,1.1161755212432857e-36,0.2675069722491371,0.7855077273582812,0.16699999999999982,0.08924999999999939,0.2675069722491311,-0.1893426497903908,14.916494999997667,0.5121392653683823,0.13559461849608348,0.5901233598734179,0.7905292105041068,0.7239531978448795,0.4722039673097918
37.5584.159,0.3534999999999999,0.9990005769449176,13.0,-4.631583941605838,0.2956204379562044,-0.008125270392858125,509.5961144519316,-0.009088734804399139,0.6811351595177584,0.003676470588235294,29.188804022462275,14.251744110132796,0.12457337883958955,0.2320819112627972,0.3481228668941973,0.47781569965870324,0.6911262798634813,0.13203031999928755,0.08847228314588183,0.02631328360295936,0.029022251047970477,0.0,-2.5430435715433806,-0.7582177449614382,-0.5288543763027899,0.111022860132514,0.02927034305805573,0.0407815935790363,0.03060872518770604,0.0,0.8418172360798967,-0.7615509067877475,1.311993332700344,0.043541781398872416,0.012300442815051275,0.023240920899827166,0.0033044198510835997,0.0,0.15029479019226866,-1.2092751023444848,-1.423075109547397,3.791969707606669e-05,0.5402540213451841,-4.631583941605838,-0.03635211433079662,0.1030000000000002,0.5656934306569343,-0.16666666666666666,-0.15018394286950873,-0.1268123782731011,1426.3582827272742,6.19063291356944e-13,0.20649938798297365,1.055146514297754,0.20399999999999974,0.1382500000000002,0.2064993879829744,-0.3872381520925181,2.4629639999911888,1.137355413511965,0.16836786897793707,0.5084353431320827,0.7640155846204233,0.7699725897767549,0.34224054608581395
78.5855.788,0.24650000000000016,1.0,52.0,-5.625738831615124,0.33676975945017185,-0.01128700627281598,309.9975614460379,-0.01814768737332281,-0.017967677768970347,0.014925373134328358,20015.088286141774,497.98295350337764,0.15277777777777726,0.26620370370370394,0.4027777777777783,0.5393518518518505,0.819444444444444,0.11147797903754826,0.054116769251933504,0.04255298483523532,0.07701846719144799,0.0,1.6652015809831415,0.7018798676713008,0.1722020916766822,0.33024146037027596,0.10390396997639142,0.062291511008697925,0.048149907891750464,0.0,-0.8320207464384173,-1.571523682670584,0.9084516709299643,0.1550849729736723,0.10353151012540542,0.0591912753004074,0.01661457510177459,0.0,1.4425457673250266,0.6994985860113737,2.3817985189715234,-5.744454573799104e-05,11.082211924073496,-5.625738831615124,-0.023286442306904326,0.08800000000000008,0.5406643757159221,0.16666666666666666,-0.08684022824536379,-0.07703281027104145,2322.575496000003,2.4297954091331035e-60,0.3221478208172239,0.27715947295240784,0.17400000000000038,0.07100000000000017,0.3221478208172039,-0.5580773155954675,0.09600900000077672,0.22875385960097416,0.13100344273611692,0.6969341319151163,0.792341520584681,0.8112744841671585,0.5336073547365338
2.5873.82,0.15574999999999983,1.0,131.0,-6.738295634920627,0.3194444444444444,-0.01577233724143269,46.09831836969839,-0.1461722655668473,0.31276112950700075,0.004970178926441352,3826.6500739186636,478.13066368227015,0.13768115942028722,0.2355072463768092,0.38043478260869623,0.5978260869565204,0.8333333333333328,0.10165879104799168,0.057531991299692754,0.04272794381963036,0.026965010804039048,0.0,1.4003819709684713,2.04731953333761,1.3151366554901354,0.05079412646588013,0.015168946190877811,0.02697934548722425,0.02331733040786125,0.0,1.5283837318682452,1.4749245760886536,2.075466263936903,0.02366771285440716,0.010929750507398677,0.002858001356932238,0.006089672097027404,0.0,-1.2964910406286716,-1.209396252645741,-1.296980064282282,-5.8303322978643336e-05,17.685247374191817,-6.738295634920627,-0.012411730539107158,0.05099999999999971,0.48908730158730157,0.1,-0.045636390576381664,-0.04089494739961486,3264.014902799998,1.8105278496070343e-133,0.3340599781053494,0.23617490906232158,0.10500000000000043,0.04499999999999993,0.3340599781053494,0.4650660035299219,1.3607859999974607,-0.20969048449727667,0.0836339097134768,0.6962313533637178,0.7921139522610884,0.647387163556398,0.5404761581654347
5.4643.149,0.30799999999999983,1.0,34.0,-6.731778467908911,0.2608695652173913,-0.015388939399465063,206.85801375150072,-0.032542990942549706,0.1398885402878074,0.029045643153526972,957.7289442307899,49.97698969809453,0.162046908315566,0.287846481876332,0.42643923240937986,0.5735607675906182,0.7803837953091691,0.11426789027318333,0.06629738973809796,0.04156079901479818,0.014164309790083813,0.0,0.4513627642814595,-2.165504460462291,0.7125895455886793,0.09323292297424302,0.010484221069646981,0.018247211783188656,0.01407051067185151,0.0,-0.6053377698916738,0.7500784830101452,1.3493003258545355,0.07443631705703528,0.02277869591666666,0.013538465607836461,0.020552024686686838,0.0,2.0154597473116533,2.603315439882327,1.1707815495388678,-1.700496477129076e-05,7.261217651309474,-6.731778467908911,-0.022535053148218364,0.0940000000000003,0.494824016563147,0.1,-0.09306110371356716,-0.06938896286432908,954.6792727058827,1.1354909133875773e-59,0.2647367525266223,0.453551361522375,0.1999999999999993,0.08349999999999902,0.2921777048174773,0.8343574333966104,5.503994999962742,0.9049240365856894,0.1517009855563593,0.7315098277046767,0.7898175690269579,0.7059113176125362,0.45875824862916775
70.11469.82,0.5585,0.9999999996180835,25.0,-5.871157692307694,0.2653846153846154,0.034804427166380054,173.55996183420268,-0.03382783465875763,0.6577276831863825,0.003875968992248062,79.60684748767929,6.52147635675346,0.1305220883534135,0.23293172690762973,0.3202811244979918,0.5140562248995986,0.8092369477911644,0.33964727153100893,0.05201948692827282,0.098064671414775,0.03926511830255685,0.0,-0.9720017400353088,-1.27660690046459,-1.3995973317007917,0.12589196707579503,0.03695351123649687,0.03446358322833868,0.025143300545866543,0.0,1.0329730063167928,0.8071053969775813,0.33524373983322076,0.11048063983817877,0.04244598793075751,0.03361869824156294,0.008343821621688395,0.0,-1.5055578753003285,-0.12696038240835128,0.1775856278747181,-0.0002957970620138642,0.9923052818920867,-5.871157692307694,-0.05010348019240196,0.1590000000000007,0.5230769230769231,0.23333333333333334,-0.16788073860748778,-0.16872776554294433,3048.019597199999,3.4980854372141997e-22,0.3510828373265538,0.35609492260046155,0.31875000000000053,0.19099999999999984,0.3510828373265538,0.5088341295458734,24.468288000083703,0.2931642037156048,0.29416543314300697,0.6573155256218328,0.7726057507747865,0.7717648965715653,0.45983737302400834
206.16653.987,0.5135000000000001,1.0,1.0,-5.170351973684209,0.21162280701754385,-0.006754580823880265,482.41534503237835,-0.010717635802686146,0.09464340381964309,0.0,85.55028144021101,125.54583209306773,0.10822510822510727,0.2164502164502171,0.33910533910533974,0.5122655122655132,0.6969696969696969,0.1209535677564177,0.05216001361168562,0.032974420435031716,0.023858934676136787,0.0,0.14176673507965842,0.7667174512439765,0.4301894246258599,0.06974197501145409,0.034154055201662474,0.05397885539860786,0.044036271414236924,0.0,0.47543930919249,-0.13530207138611414,0.4580600515562151,0.07658470085380929,0.06507236968004469,0.040657361460501105,0.035844820114471924,0.0,0.9398879468085979,2.861177564948362,1.652064942532254,6.412858125871503e-06,18.798351533833635,-5.170351973684209,-0.046278696674506174,0.1175000000000006,0.7971491228070176,-0.1,-0.2878039329652233,-0.13426329555361805,1795.7503626666683,1.0516947525563354e-17,0.16710850889576487,1.5175296888273566,0.23525000000000063,0.14200000000000035,0.16710850889576728,-1.0367627678075078,0.9169679999977234,5.5560815939931665,0.23927715069056585,0.4757887885313508,0.6883968594822879,0.5160713142845471,0.21346879647144315
211.16703.311,0.44300000000000006,1.0,1.0,-5.795084841628946,0.16515837104072398,-0.014852300781737741,84.44949271454037,-0.06862190233892498,0.2133551583710478,0.0,1275.3186582505648,184.0051982724326,0.14057507987220452,0.2332268370607026,0.33067092651757146,0.45846645367412103,0.6549520766773161,0.1056147978140086,0.05277944637438646,0.025668369626934345,0.04879524039415682,0.0,0.8129863054771655,-0.5612649370750734,0.7845096483171234,0.07054866938942066,0.023321011258743696,0.02470893053028558,0.01926908086376871,0.0,-1.9431712419395994,0.184052037261085,-1.6684565400100713,0.047657667332181,0.017339730305417446,0.012882403494903653,0.006002358139469239,0.0,-2.1079200473737822,-0.9232194079940172,-1.756188120462531,0.00010228174159087172,15.763765541977921,-5.795084841628946,-0.03912304424514944,0.10250000000000092,0.7986425339366516,0.1,-0.2593042422139324,-0.10861455712674595,2690.8141430000032,5.34462191160439e-20,0.17289070104686147,1.5343015256614596,0.20699999999999985,0.12575000000000025,0.17289070104686147,-2.1841517309009686,0.9001849999986007,9.891855562101977,0.2267213606634441,0.4408822725839763,0.6640757582636466,0.559777117189337,0.151990626452119
68.10968.235,0.4464999999999999,0.9636039426514037,1.0,-4.231262962962963,0.3037037037037037,-0.12091525997350441,4.760287603977373,-0.888867084297093,0.45738568568568905,0.0,298.7570561584395,9875.61835249095,0.13745271122320307,0.2572509457755368,0.3543505674653213,0.5220680958385886,0.7427490542244642,0.12039573530915851,0.05527847622822883,0.01450455774822449,0.012823610783264008,0.0,0.1961091137011408,0.26150276884504153,-1.0406134401179608,0.09317583662343591,0.02545935975318305,0.014673985833873724,0.04026149101664488,0.0,-0.3292001731897996,-0.08628197660450165,-0.6538059072976659,0.08703581434087741,0.0179955778116157,0.024422832565733178,0.020979073173502852,0.0,-1.7027975952750252,1.2159503470928708,0.11253209043957307,-8.866678861024948e-05,40.57327409214389,-4.231262962962963,-0.055299259753599866,0.14249999999999963,0.5444444444444444,-0.16666666666666666,-0.2426886792452831,-0.18702830188679237,0.9997588565045977,0.05072966225637077,0.10843509806544008,1.9240504432822692,0.28024999999999967,0.19025000000000047,0.13721594660357103,0.5233831330307601,1.8907400000025518,1.4859954086610605,0.2339857096746755,0.4453594314578373,0.76603789474224,0.730755771115231,0.3055674482855731
63.6643.393,0.33924999999999983,0.9958271465981974,10.0,-4.480539682539685,0.2976190476190476,-0.008558973104218184,489.53635447263247,-0.009152618884385979,0.2767349076242498,0.0,69862.15152216317,56571.168088941704,0.16638655462184915,0.309243697478992,0.4369747899159662,0.5478991596638652,0.7058823529411766,0.1988921919604291,0.12787142002859106,0.11782216598850496,0.11014119257959054,0.0,-1.7155883459383543,-1.399473059030595,-0.4934716742603712,0.2628123181811964,0.19371203765484135,0.18447385985573622,0.062110108480690415,0.0,-0.6278917515873408,1.31191102101148,0.3569181591299661,0.2170857764269951,0.19517405406404753,0.05859545405334175,0.02920352415397269,0.0,-0.40905252021152705,-0.2988565916723701,-1.3918163835556314,0.00014801979416224754,64.67661694236635,-4.480539682539685,-0.03944344904150619,0.12349999999999994,0.42857142857142855,-0.03333333333333333,-0.14298530896041273,-0.13345295502971846,5089.795601999999,7.170136312972343e-15,0.29669254807913553,0.9430466003557358,0.2599999999999998,0.14000000000000012,0.2966925480791407,-0.24526558529138343,2.4114339999941876,0.11002590013174052,0.1767279386467004,0.5503806514919807,0.8122526982612763,0.7100361997101976,0.42859002740058433
211.16765.212,0.15949999999999998,0.9999999999999141,102.0,-6.544955056179766,0.33146067415730335,-0.004094348167814335,841.8710457097972,-0.007774296419306822,0.15330940663015014,0.0,1526.842829946825,68.96259142716889,0.17625899280575325,0.3417266187050377,0.5035971223021563,0.6582733812949623,0.838129496402875,0.09758744833832271,0.023922580345770914,0.03570475050120114,0.01952796424443592,0.0,-1.7897199959121652,1.2214903134605302,-1.641317990642211,0.027323166761042177,0.004763241978213393,0.004065079641681756,0.00421277565166233,0.0,1.3694805389398965,-0.0603934895769318,-0.6558952540932061,0.020843104758270586,0.005566665729388792,0.0037814172719563086,0.003460270322598146,0.0,0.8885208419509403,1.03600087709541,2.525994593653438,-4.871533900466578e-05,5.060088547805828,-6.544955056179766,-0.013924665681769815,0.0699999999999994,0.5528089887640449,-0.1,-0.06428462360665754,-0.042449228889906925,2044.0461308571412,1.0119842462623374e-119,0.3697811769018526,0.45333833025100717,0.13974999999999937,0.06125000000000069,0.3697811769018526,0.3418791175498655,234.04809999963618,0.3459457642415935,0.09113631105951221,0.5891077711066367,0.8158123989731156,0.7661544696304463,0.46565969761170206
58.5903.69,0.21525000000000016,0.9977579949065383,33.0,-6.001683999999999,0.376,-0.005699771675153743,939.7410810316744,-0.006386529354884837,0.029562105919005432,0.008064516129032258,136.25634606228064,50.00415351739498,0.12664907651715065,0.29287598944591237,0.41688654353561916,0.5725593667546195,0.7519788918205818,0.37692697615115656,0.1927413047067956,0.14428319322637828,0.12657704156348348,0.0,-0.3628834807407749,2.2914562373322025,1.7639580310455907,0.4301750859990728,0.3548163429726557,0.08137600043648197,0.08617364325507824,0.0,-1.6851666324786059,-1.082585088748814,-1.5084588231205438,0.3704505368002257,0.021800288510063118,0.03263246410072141,0.040534001688829285,0.0,1.363959353574041,0.013197418794374471,0.4543388706683197,-0.00014323200835326326,1.0823716673146497,-6.001683999999999,-0.01842701628878678,0.07600000000000007,0.376,0.1,-0.050365691489361694,-0.06299867021276588,15005.299788000004,5.452377787275507e-36,0.3635204503750965,0.3727048937140956,0.15725000000000033,0.06450000000000022,0.3635204503750965,0.19232637570749045,17.80630999997811,-0.39279997696633817,0.11059312882815098,0.7026862760543413,0.8117628369073514,0.7724564852906126,0.5639068571666858
64.8088.215,0.2809999999999997,0.523533225818866,16.0,-5.2597644787644775,0.305019305019305,-0.008231085033456199,289.51475100224883,-0.018167518099012583,0.0011161796717393813,0.0038910505836575876,31.359215528973934,36.65764355258431,0.15659955257270755,0.27516778523489976,0.39597315436241515,0.5413870246085011,0.7404921700223721,0.41673140329479,0.19063151066669343,0.13713776786213183,0.11643519383207736,0.0,-0.2969730025291397,2.366454878087582,1.813650840774379,0.4105263542465981,0.3610359026117887,0.09756970393608998,0.11373653295712399,0.0,-1.6234861289444367,-1.0582815752216124,-1.7015339183806328,0.4048894394580313,0.356915915693255,0.19104627106235086,0.15354453324507922,0.0,0.594400689953973,-0.136855403945348,-0.5875188242287485,0.00013254663518948926,1.1909073181685936,-5.2597644787644775,-0.025105851373069137,0.08599999999999941,0.42084942084942084,-0.16666666666666666,-0.07100816404025055,-0.08486804632618189,15216.357636000015,1.5001373759325126e-22,0.3227127351542613,0.6884726188893813,0.17649999999999988,0.09199999999999964,0.3227127351542613,0.00968347327846394,1.8698379999987083,0.13272416353127126,0.13205086526120943,0.5032880598976457,0.79534084566648,0.7330308529641507,0.33682462383528416
9.4641.568,0.3002499999999997,1.0,49.0,-5.0241219980787735,0.3035542747358309,-0.0414087381522686,20.263854754411092,-0.24793515641366845,0.09119751658250586,0.0,352.4959445882885,113.05266418496363,0.1196754563894528,0.2515212981744418,0.42190669371196843,0.606490872210953,0.7890466531440158,0.1542583696670033,0.11413889930119402,0.07942126814537662,0.06610384372048411,0.0,1.9881841705227856,0.9274383254073327,1.6854261713711065,0.11467000570370764,0.055686534282144755,0.053150962068020786,0.014558312175071109,0.0,1.728868687495622,0.7072358959424648,0.550284331721701,0.030841898722532818,0.006945028574496641,0.00692163971955405,0.004485690176368205,0.0,-0.22091647448195129,0.21223699059278556,-1.1372931549165202,9.714044607018148e-05,15.082956260929494,-5.0241219980787735,-0.03186784621772744,0.09700000000000042,0.664745437079731,-0.1,-0.16820000000000004,-0.09859999999999988,4097.607187499994,2.0900581932883313e-58,0.27419665231919754,0.9601438685539028,0.20800000000000018,0.12099999999999955,0.27419665231917706,-0.5684756515806049,45.442473999471986,1.366206843663936,0.16010794721387586,0.5059027915108786,0.7734865430739439,0.6608560277718077,0.3511988307436118
22.4990.462,0.5814999999999999,0.9940602748620637,41.0,-4.259411262798636,0.2935153583617747,0.07268020739432937,28.688631268001217,-0.14847035478996543,0.28520412181674715,0.0,1723.527358224244,1879.7197410338038,0.1812933025404158,0.3406466512702079,0.4607390300230949,0.6258660508083146,0.8337182448036955,0.2963938823513138,0.18564058985093573,0.1705158530121847,0.2344252960738633,0.0,-1.6980973948663656,-1.8024247446039485,-0.8912056656392242,0.35356212492277467,0.10859324704837775,0.062800199426558,0.02089045497648123,0.0,0.8148980815760489,0.5086640219255705,-0.3139056885309318,0.11407068556337797,0.0663752497370978,0.021493056733762537,0.02052175531242527,0.0,-2.2572430210666043,-1.7388820081040517,-1.5627431018398448,0.00023861883803868905,66.59809720377781,-4.259411262798636,-0.06960553747804445,0.1995,0.5733788395904437,0.16666666666666666,-0.28030036372169437,-0.20321483045875857,5455.459859999988,1.5248002919697348e-38,0.3018486311715366,0.931950106818126,0.3987499999999997,0.22049999999999992,0.3018486311715366,-0.14425517369182897,4.754339999999502,0.975217755939958,0.2964786102871351,0.5191281007590334,0.7890188997059169,0.6807457802051218,0.3883647656338448
6.6572.268,0.1549999999999998,1.0,46.0,-5.910437195715683,0.2872444011684518,10.0,0.5,-11.820874391431365,0.004760083195892051,0.001951219512195122,2468.4002221323176,601.0748764986789,0.14516129032257885,0.28225806451612995,0.4556451612903239,0.620967741935483,0.8024193548387083,0.08171113265761414,0.016206703923976253,0.017168072606991006,0.007474215818814757,0.0,0.5137785292901748,0.537380653540055,-0.643093031080652,0.018428390192044244,0.006083121768773872,0.008473752665665522,0.004528663157944447,0.0,-0.8485889972272319,-0.22434965308874574,0.4591969348689897,0.015105989655173409,0.010759062256947451,0.0062915146550549,0.002387767389739387,0.0,1.910209789486998,-0.09301729621223842,0.1120278257540197,1.709467790896268e-05,11.362217508994162,-5.910437195715683,-0.014231900908792457,0.052999999999999936,0.7205452775073028,0.1,-0.0777027027027027,-0.04189189189189193,1893.221265333331,1.436492636863748e-93,0.2828638730266425,0.8389547820419057,0.11249999999999982,0.06675000000000031,0.2828638730266574,-0.04357733316750115,0.33496500000183005,2.527874689161087,0.08411675649706676,0.5241256071646259,0.7677922717263369,0.6271632575411499,0.3588079411434919
20.4678.600,0.46599999999999997,1.0,11.0,-4.118247340425534,0.2712765957446808,-0.008914021298963792,603.8576388832419,-0.006819897729606784,0.004850284904280855,0.0,649.5467504446417,446.8964529526869,0.15629522431259,0.2764109985528231,0.4023154848046311,0.5918958031837914,0.8075253256150512,0.16614421470743015,0.11010535805265977,0.138301695467941,0.05503888154356773,0.0,1.8947092575111486,1.056364076700592,1.4298461222625138,0.0941453261451453,0.08251384283039682,0.017604804753545356,0.049956599078658966,0.0,-0.07803895275820341,-1.40063785860853,-0.08744282173971496,0.05789811900907289,0.020018413588666975,0.017658568872632615,0.006091673776558725,0.0,-1.5774863541128314,1.2567886714262944,1.3845766499240824,0.0001246320542267594,10.365214787036262,-4.118247340425534,-0.05482437800319529,0.1280000000000001,0.5053191489361702,0.03333333333333333,-0.18718502519798413,-0.16582673386129107,3267.3064163999984,6.256146617300012e-16,0.2907312186948157,1.048067219198354,0.2762500000000001,0.17499999999999982,0.2907312186948157,0.58377897718746,1.0259949999963283,0.4863149018812618,0.22578034890214316,0.4525049305652819,0.7909170179174092,0.7241080894665783,0.3036509929072567
1.4418.1930,0.5620000000000003,1.0,1.0,-4.646261146496812,0.24203821656050956,-0.02572045310444129,85.47507685597392,-0.054358080944762334,-0.08858332222902998,0.0,13700.772037268429,2681.1035534363464,0.1447212336892051,0.24911032028469748,0.39027283511269245,0.5587188612099645,0.7852906287069987,0.1736359060270237,0.04400726542417571,0.06715397108037438,0.009628649085055549,0.0,-1.0961194725009387,0.4169855748305702,-1.8166155068953591,0.07690873898167215,0.002841580505902783,0.020377086394749905,0.0433148431720996,0.0,-0.5770147639648217,-0.7390072527306338,-0.47014642864875245,0.06301444150837723,0.024771142385766963,0.013821561162601062,0.023119548907726845,0.0,-1.055054392940942,0.9759118307742374,0.43014554396037863,-2.269403028129042e-05,132.27749269635544,-4.646261146496812,-0.0631095303511698,0.15399999999999991,0.802547770700637,-0.16666666666666666,-0.377568493150685,-0.18043664383561644,1159.1931698571425,3.9527820906504296e-39,0.2043416209556487,1.3829715438343613,0.3285,0.21149999999999913,0.198243403627039,-0.22713699713746688,0.26687399999354966,3.6750451228604737,0.29322335884430156,0.4597050407406819,0.7301731493650732,0.6683733144233777,0.231402161372379
